store_type,total_sales,percentage_of_total_sales,order_count
Local,4200344.269999866,65.01947512674361,78409
Mall Kiosk,705645.8999999899,10.923087036229868,13142
Outlet,508029.4100000015,7.864071005577449,9207
Super Store,1045045.1899999839,16.176838223198587,19276
Web Portal,1067.7700000000002,0.01652860825050544,43
